{"current":{"color_header_bg":"#030303","color_header_links":"#fff","color_body_bg":"#f7f7f7","color_content_bg":"#fff","color_body_headings":"#030303","color_body_text":"#666","color_button_bg":"#006eff","color_button_text":"#fff","color_footer_bg":"#030303","color_footer_text":"#fff","color_hero_text":"#fff","color_hero_bg":"#006eff","type_accent_family":"unica_one_n4","type_accent_spacing":true,"type_accent_transform":true,"type_base_family":"karla_n4","type_base_size":"16px","type_nav_size":"14px","type_nav_spacing":true,"type_nav_transform":true,"social_facebook_link":"https:\/\/www.facebook.com\/mazaom-105052598635837\/","social_instagram_link":"https:\/\/www.instagram.com\/mazaomofficial\/","social_youtube_link":"https:\/\/www.youtube.com\/channel\/UCJvZDVMsav7rKu_AjCUVpCw","checkout_accent_color":"#006eff","checkout_button_color":"#006eff","checkout_banner_background_color":"#fff","checkout_call_to_action_color":"#006eff","checkout_use_header_image":false,"color_newsletter_input":"#1a1a1a","sections":{"slideshow":{"type":"slideshow","blocks":{"3c9ce35b-1623-4ec1-9709-420751c8f2a6":{"type":"slide","settings":{"image":"shopify:\/\/shop_images\/ss-161125-twip-mn-07-black-friday.jpg","image_position":"center center","title":"SHOP ONLINE HASSLE FREE","button_label":"VIEW COLLECTIONS","button_link":"shopify:\/\/collections"}},"placeholder-1":{"type":"slide","settings":{"image":"shopify:\/\/shop_images\/The-Best-10-Trending-Tech-Gadgets-Dropshipping-Products-To-Sell-in-2021.png","image_position":"center center","title":"","button_label":"View all products","button_link":"shopify:\/\/collections\/cunsumer-electronics"}},"09989aea-b715-4151-91d0-9c8b3aea4b53":{"type":"slide","settings":{"image":"shopify:\/\/shop_images\/winter-sale-origami-banner-vector-18888123.jpg","image_position":"center center","title":"","button_label":"VIEW PRODUCTS","button_link":"shopify:\/\/collections\/winter-collection-1"}},"40d09c6f-35f2-421f-bc64-e956543e483d":{"type":"slide","settings":{"image":"shopify:\/\/shop_images\/Screenshot_2021-10-21_065550.png","image_position":"center center","title":"Slide","button_label":"View products","button_link":"shopify:\/\/collections\/pet-essentials"}}},"block_order":["3c9ce35b-1623-4ec1-9709-420751c8f2a6","placeholder-1","09989aea-b715-4151-91d0-9c8b3aea4b53","40d09c6f-35f2-421f-bc64-e956543e483d"],"settings":{"hero_home_height":"small","hero_home_auto":true,"hero_home_auto_speed":3}},"footer":{"type":"footer","blocks":{"linklist":{"type":"menu","settings":{"link_list":"footer"}},"social":{"type":"social","settings":{"title":"Follow us","align":"left"}}},"block_order":["linklist","social"],"settings":{"show_payment_icons":true}},"featured-collections":{"type":"featured-collections","blocks":{"featured-collections-1":{"type":"collection","settings":{"collection":"shoes"}},"ec91c357-92d9-4895-ba1a-e839d6f07aa9":{"type":"collection","settings":{"collection":"clothing-1"}},"e8b46732-2594-43c2-9771-c9fb333509ca":{"type":"collection","settings":{"collection":"car-accesories"}},"featured-collections-0":{"type":"collection","settings":{"collection":"accessories"}}},"block_order":["featured-collections-1","ec91c357-92d9-4895-ba1a-e839d6f07aa9","e8b46732-2594-43c2-9771-c9fb333509ca","featured-collections-0"],"settings":{"stretch_collection_image":false}},"featured-products":{"type":"featured-products","settings":{"collection":"clothing-1","rows":2}},"image-content":{"type":"image-content","disabled":true,"blocks":{"image-content-0":{"type":"image_block","settings":{"image":"shopify:\/\/shop_images\/1686214641250_0.png"}},"3b7f6429-9752-4aa0-afaa-53ebfa42c6d6":{"type":"image_block","settings":{"image":"shopify:\/\/shop_images\/1909945627584_3.png"}}},"block_order":["image-content-0","3b7f6429-9752-4aa0-afaa-53ebfa42c6d6"],"settings":{}},"header":{"type":"header","settings":{"logo_max_width":"450","main_linklist":"main-menu","promo_bar_enable":true,"promo_bar_text":"Get free delivery for your first order use coupon  FREESHIPMAZA","promo_bar_link":""}},"collection-filters":{"type":"collection-filters","settings":{"product_tags_enable":true,"product_sorting_enable":true}},"product-template":{"type":"product-template","settings":{"enable_ajax":true,"stock_enable":false,"enable_payment_button":true,"social_sharing_products":true}},"product-recommendations":{"type":"product-recommendations","settings":{"show_product_recommendations":true,"heading":"You may also like"}},"list-collections-template":{"type":"list-collections-template","settings":{"display_type":"all","layout":"grid","sort":"alphabetical"}}},"content_for_index":["slideshow","featured-collections","featured-products","image-content"]},"presets":{"Snowboards":{"checkout_accent_color":"#006eff","checkout_banner_background_color":"#fff","checkout_button_color":"#006eff","checkout_call_to_action_color":"#006eff","checkout_use_header_image":false,"color_body_bg":"#f7f7f7","color_body_headings":"#030303","color_body_text":"#666","color_button_bg":"#006eff","color_button_text":"#fff","color_content_bg":"#fff","color_footer_bg":"#030303","color_footer_text":"#fff","color_header_bg":"#030303","color_header_links":"#fff","color_hero_bg":"#006eff","color_hero_text":"#fff","color_newsletter_input":"#1a1a1a","type_accent_family":"unica_one_n4","type_accent_spacing":true,"type_accent_transform":true,"type_base_family":"karla_n4","type_base_size":"16px","type_nav_size":"14px","type_nav_spacing":true,"type_nav_transform":true,"sections":{"slideshow":{"type":"slideshow","blocks":{"placeholder-0":{"type":"slide","settings":{}},"placeholder-1":{"type":"slide","settings":{}}},"block_order":["placeholder-0","placeholder-1"],"settings":{}},"footer":{"type":"footer","blocks":{"linklist":{"type":"menu","settings":{}},"social":{"type":"social","settings":{}}},"block_order":["linklist","social"],"settings":{}},"featured-collections":{"type":"featured-collections","blocks":{"featured-collections-0":{"type":"collection","settings":{}},"featured-collections-1":{"type":"collection","settings":{}},"featured-collections-2":{"type":"collection","settings":{}}},"block_order":["featured-collections-0","featured-collections-1","featured-collections-2"],"settings":{}},"featured-products":{"type":"featured-products","settings":{"collection":"frontpage"}},"image-content":{"type":"image-content","blocks":{"image-content-0":{"type":"image_block","settings":{}},"image-content-1":{"type":"text_block","settings":{}}},"block_order":["image-content-0","image-content-1"],"settings":{}}},"content_for_index":["slideshow","featured-collections","featured-products","image-content"]},"Outdoors":{"checkout_accent_color":"#f4743c","checkout_banner_background_color":"#fff","checkout_button_color":"#f4743c","checkout_call_to_action_color":"#f4743c","checkout_use_header_image":false,"color_body_bg":"#f7f7f7","color_body_headings":"#1a1a1a","color_body_text":"#666","color_button_bg":"#c04f1d","color_button_text":"#fff","color_content_bg":"#ffffff","color_footer_bg":"#213236","color_footer_text":"#fff","color_header_bg":"#213236","color_header_links":"#ffffff","color_hero_bg":"#f4743c","color_hero_text":"#fff","color_newsletter_input":"#425154","type_accent_family":"lora_n7","type_accent_spacing":false,"type_accent_transform":false,"type_base_family":"roboto_n4","type_base_size":"14px","type_nav_size":"15px","type_nav_spacing":false,"type_nav_transform":false},"Boxing":{"checkout_accent_color":"#d8232f","checkout_banner_background_color":"#fff","checkout_button_color":"#d8232f","checkout_call_to_action_color":"#d8232f","checkout_use_header_image":false,"color_body_bg":"#f0f0f0","color_body_headings":"#222222","color_body_text":"#666","color_button_bg":"#d8232f","color_button_text":"#fff","color_content_bg":"#ffffff","color_footer_bg":"#222222","color_footer_text":"#ffffff","color_header_bg":"#222222","color_header_links":"#ffffff","color_hero_bg":"#d8232f","color_hero_text":"#fff","color_newsletter_input":"#303030","type_accent_family":"open_sans_condensed_n7","type_accent_spacing":false,"type_accent_transform":true,"type_base_family":"source_sans_pro_n4","type_base_size":"17px","type_nav_size":"14px","type_nav_spacing":true,"type_nav_transform":true}}}